{"\uc11c\ucd08\uad6c": [0.013549249544199948, 0.0978972416754911, 0.7576941441665891, 0.00650472812899433, 0.005751959005527885, 0.6408344786162055, 0.022700485853876406, 0.010768564327815245, 0.01332577920520751, 0.0], "\uac15\uc11c\uad6c": [0.26917537482878423, 0.15902585875448075, 0.4181938851102055, 0.03745851985896531, 0.010603820724580215, 0.08979291145403794, 0.013715565980389744, 0.006258616475332457, 0.019330907853615374, 0.02043101723719486], "\uc911\ub791\uad6c": [0.011602368112747586, 0.15851884423561233, 1.2591874663707696, 0.013574210119109652, 0.04299370739782325, 0.08036850627495279, 0.007697482955094403, 0.02835504303433687, 0.04390695957511909, 0.01081651180228529], "\uc601\ub4f1\ud3ec\uad6c": [0.005381664387043639, 0.0782193499838617, 0.5323712156758379, 0.04718591476634718, 0.02017989850666597, 0.3562444663078917, 0.012895293485279347, 0.02535324224207679, 0.017560151893920385, 0.005509473238854046], "\uc6a9\uc0b0\uad6c": [0.06319114742922147, 0.0755271141998928, 1.1299987326620502, 0.08388179961305978, 0.1338869758210019, 0.15249343449662184, 0.010921390222313244, 0.0, 0.025286960728009965, 0.0], "\uad00\uc545\uad6c": [0.016897325658607954, 0.19866519235204122, 0.35594610429077755, 0.03640659413014443, 0.005076555918887371, 0.08204093331961496, 0.009158083998202171, 0.015105608116782254, 0.01450906491148043, 0.010569228075275184], "\uc11c\ub300\ubb38\uad6c": [0.03967130968678153, 0.13492944158400583, 0.8571978780985423, 0.24997658018236818, 0.0776389517753919, 0.10072675416130719, 0.04506699964601901, 0.019098092455074767, 0.03453621232049925, 0.0], "\uae08\ucc9c\uad6c": [0.05108025935004042, 0.16028187718931458, 0.5185106502163989, 0.024251460926438363, 0.003267920446584949, 0.0676302526108725, 0.018284494822821306, 0.007504980699568109, 0.04580149038938582, 0.0009624271441162957], "\ub178\uc6d0\uad6c": [0.1549423405347355, 0.1801827452506854, 0.8803754197465359, 0.05388413203687471, 0.0014300973513194592, 0.153430519964967, 0.09063532600400145, 0.03686090927595276, 0.04427094862060592, 0.00014126581493334456], "\uc591\ucc9c\uad6c": [0.0, 0.1362288497784089, 1.2580640791474853, 0.009671768691229665, 0.0, 0.05268753143257443, 0.019447538060666757, 0.011649894335184818, 0.008946409512659237, 0.001109681710359367], "\ub9c8\ud3ec\uad6c": [0.06623700370060881, 0.17164692264711262, 0.6257190593988433, 0.04442734146730333, 0.1370277558930606, 0.4920299119142141, 0.035124665119341904, 0.026539234226568998, 0.03160351019962811, 0.003753343736522785], "\uac15\ub3d9\uad6c": [0.012728790935588019, 0.1260638878132942, 0.4466095732062268, 0.015804355781359802, 0.029457312694329007, 0.3101445739115884, 0.01537764574121565, 0.02208655576318911, 0.00817798945809387, 0.00526865243160729], "\uac15\ub0a8\uad6c": [0.04054534673216503, 0.23905472626653418, 0.9102828294356424, 0.04746581508807357, 0.14324684017388495, 0.1579402516569319, 0.02846577174013999, 0.010217742193966817, 0.02734615128997192, 0.04062208619723662], "\uc740\ud3c9\uad6c": [0.06819630111868263, 0.08595337304196024, 1.2151413795692814, 0.07962061204503253, 0.008870382686681976, 0.039987517067269905, 0.057937412182254955, 0.004446854324061644, 0.018381122113175975, 0.014468010690719058], "\uc131\ubd81\uad6c": [0.10479345368031714, 0.151140062232178, 1.0747452159556787, 0.11876091080992088, 0.07456788284719426, 0.09787349577428443, 0.041130418026045876, 0.03881569572547312, 0.03577734453249424, 0.007156699362744323], "\ub3d9\ub300\ubb38\uad6c": [0.01852855560193776, 0.33283608208599763, 0.8600946523284907, 0.09906433989347, 0.09810085582167517, 0.1621945054172403, 0.05736890206415286, 0.015350684129182312, 0.031813897898710475, 0.010306474614722016], "\uad11\uc9c4\uad6c": [0.010675155758391664, 0.20625756009229654, 0.5194426671999006, 0.1382053021621062, 0.11949045050734357, 0.20321955034764905, 0.039589724307387775, 0.030297840116799424, 0.04156371364562693, 0.0027138435309339904], "\uc1a1\ud30c\uad6c": [0.10533384131187482, 0.06064551573724697, 0.4940778837197639, 0.011027698638595096, 0.46526391740987816, 0.13170547310916414, 0.0062965030456526684, 0.011066347658268283, 0.0075757900430927895, 0.022133193282545337], "\uc131\ub3d9\uad6c": [0.04288890997692487, 0.13919661973566638, 0.5899230653673524, 0.3621110776622346, 0.09571928905237062, 0.1644453960198578, 0.013795202873998536, 0.031104022907107877, 0.0225315727249783, 0.030754233241255625], "\ub3c4\ubd09\uad6c": [0.1217135138690321, 0.22024324618512062, 0.7213762784849307, 0.004193457574420034, 0.010403857937503203, 0.45871893619050824, 0.04357017630930796, 0.005236106072851521, 0.054599830010523376, 0.0006228271745742031], "\uad6c\ub85c\uad6c": [0.05052184761124125, 0.3333278792629394, 0.6268916146345084, 0.03142358388171264, 0.10528579947252062, 0.21953619370018185, 0.01622124480064966, 0.012599221347580392, 0.027940848016484353, 0.0031772909447701837], "\ub3d9\uc791\uad6c": [0.2540183947161147, 0.15929475754533068, 1.0730726544945823, 0.17135724817685033, 0.0374758698563642, 0.11949697731631259, 0.011718829198393321, 0.07466916664548509, 0.03444904435985767, 0.007096460811597938], "\uc911\uad6c": [0.24371884684050232, 0.4489929216545665, 0.6627915597298003, 0.03327210270707822, 0.037605248961923375, 0.0752396934084277, 0.012041121341348493, 0.013679720851430243, 0.013516920608390826, 0.0018774609438166113], "\uac15\ubd81\uad6c": [0.15456421691683936, 0.0525556150300462, 0.03880870349713039, 0.007710363362052419, 0.0, 0.03483844276948998, 0.009294151197886824, 0.0032449407929484807, 0.02321556295316014, 0.0], "\uc885\ub85c\uad6c": [0.018041880962968337, 0.015857351556190558, 0.13829575795566634, 0.00035641250604835363, 0.01067739201615322, 0.7755381302596885, 0.002707272154388274, 0.0, 0.005884395918064033, 0.0]}